{
  "Pred_link": -6.3020263208852247,
  "CI_link": [
    -6.4127058485475077,
    -6.1817825260448762
  ],
  "sd_pred_link": 0.067620271149120392,
  "PI_link": [
    -6.6967242362159656,
    -5.9073284055544839
  ],
  "Pred_orig": 0.0018400442512513224,
  "CI_orig": [
    0.0016472547151787336,
    0.0020751499492389532
  ],
  "PI_orig": [
    0.0012399756044516226,
    0.0027305076280596569
  ],
  "z": 0.22534386681458307,
  "p_two_sided": 0.821711776324412,
  "is_outlier_95": false,
  "is_outlier_99": false
}