{
  "Pred_link": -6.2294756128265885,
  "CI_link": [
    -6.3496313932861632,
    -6.1257784177642858
  ],
  "sd_pred_link": 0.083592562066035644,
  "PI_link": [
    -6.5238585470768111,
    -5.9350926785763658
  ],
  "Pred_orig": 0.0019786313483376216,
  "CI_orig": [
    0.0017546152235127527,
    0.0021948255395820427
  ],
  "PI_orig": [
    0.0014740628519047084,
    0.0026559125396624821
  ],
  "z": 0.39331026927416635,
  "p_two_sided": 0.694090334388072,
  "is_outlier_95": false,
  "is_outlier_99": false
}