{
  "Pred_link": -6.1648586479334959,
  "CI_link": [
    -6.2645374273587588,
    -6.0645714934103516
  ],
  "sd_pred_link": 0.061165072095576652,
  "PI_link": [
    -6.4741554150765017,
    -5.85556188079049
  ],
  "Pred_orig": 0.0021074275291712418,
  "CI_orig": [
    0.0019074919114418019,
    0.0023297365155270553
  ],
  "PI_orig": [
    0.0015467736664201411,
    0.0028712997170346542
  ],
  "z": 0.12880665899879887,
  "p_two_sided": 0.89751063630887984,
  "is_outlier_95": false,
  "is_outlier_99": false
}