{
  "Pred_link": -6.209363744997848,
  "CI_link": [
    -6.311289147487539,
    -6.1146768513983094
  ],
  "sd_pred_link": 0.059164301148247285,
  "PI_link": [
    -6.49540889278267,
    -5.9233185972130258
  ],
  "Pred_orig": 0.0020168228016658233,
  "CI_orig": [
    0.0018213864562111111,
    0.0022171227490588767
  ],
  "PI_orig": [
    0.0015150951691459626,
    0.0026846988203467204
  ],
  "z": 0.20094912480393154,
  "p_two_sided": 0.84073835504148731,
  "is_outlier_95": false,
  "is_outlier_99": false
}