{
  "Pred_link": -6.1289733129665889,
  "CI_link": [
    -6.2450742722089752,
    -6.0108492283526713
  ],
  "sd_pred_link": 0.070396643772275863,
  "PI_link": [
    -6.51169188278515,
    -5.746254743148028
  ],
  "Pred_orig": 0.002187710238623707,
  "CI_orig": [
    0.0019479050942984447,
    0.0024620135424362256
  ],
  "PI_orig": [
    0.0014920289034776935,
    0.0032077636545936737
  ],
  "z": -0.24740860011777419,
  "p_two_sided": 0.804592019108263,
  "is_outlier_95": false,
  "is_outlier_99": false
}