{
  "Pred_link": -6.19435361335459,
  "CI_link": [
    -6.2832876751743907,
    -6.1032644739013939
  ],
  "sd_pred_link": 0.055067683943865568,
  "PI_link": [
    -6.4703398451541361,
    -5.9183673815550435
  ],
  "Pred_orig": 0.0020456838672102632,
  "CI_orig": [
    0.0018716082372225438,
    0.0022407738667677415
  ],
  "PI_orig": [
    0.0015523127430946938,
    0.0026958629974404946
  ],
  "z": 0.32672035875157929,
  "p_two_sided": 0.74387940052320878,
  "is_outlier_95": false,
  "is_outlier_99": false
}