{
  "Pred_link": -6.4288073975183719,
  "CI_link": [
    -6.540726945692434,
    -6.3422166963101994
  ],
  "sd_pred_link": 0.058717397648665237,
  "PI_link": [
    -6.7532014560111158,
    -6.1044133390256281
  ],
  "Pred_orig": 0.0016182271291471052,
  "CI_orig": [
    0.0014468830718479602,
    0.0017645962072933095
  ],
  "PI_orig": [
    0.0011699220548138259,
    0.002238319237365261
  ],
  "z": 0.71514924999616125,
  "p_two_sided": 0.47451682434141595,
  "is_outlier_95": false,
  "is_outlier_99": false
}