{
  "Pred_link": -6.3137108277668155,
  "CI_link": [
    -6.4232041691590531,
    -6.1977957414293883
  ],
  "sd_pred_link": 0.067684899655126265,
  "PI_link": [
    -6.667185276898973,
    -5.9602363786346579
  ],
  "Pred_orig": 0.0018192840752370972,
  "CI_orig": [
    0.0016306027260508443,
    0.0020428750313628238
  ],
  "PI_orig": [
    0.0012775812084246194,
    0.0025906725338364946
  ],
  "z": 0.36619595343597944,
  "p_two_sided": 0.71421886149283909,
  "is_outlier_95": false,
  "is_outlier_99": false
}