{
  "Pred_link": -6.5902957794835944,
  "CI_link": [
    -6.738674905355686,
    -6.45266036613402
  ],
  "sd_pred_link": 0.097518395988119136,
  "PI_link": [
    -6.990852710983309,
    -6.18973884798388
  ],
  "Pred_orig": 0.0013804945143110299,
  "CI_orig": [
    0.0011901301284824391,
    0.0015841962676046728
  ],
  "PI_orig": [
    0.00092485792041680816,
    0.0020606031066739091
  ],
  "z": 0.33596811893068523,
  "p_two_sided": 0.73689490789805,
  "is_outlier_95": false,
  "is_outlier_99": false
}