{
  "Pred_link": -6.3718987765241639,
  "CI_link": [
    -6.4572676387069592,
    -6.2880425501230057
  ],
  "sd_pred_link": 0.04893933363504329,
  "PI_link": [
    -6.6682267586422785,
    -6.0755707944060493
  ],
  "Pred_orig": 0.00171280776428628,
  "CI_orig": [
    0.0015726547724426803,
    0.0018626313975065127
  ],
  "PI_orig": [
    0.0012735471125053419,
    0.0023035743307745593
  ],
  "z": 0.45078165469626663,
  "p_two_sided": 0.65214692455922219,
  "is_outlier_95": false,
  "is_outlier_99": false
}