{
  "Pred_link": -6.7144394638317166,
  "CI_link": [
    -6.8584900608630885,
    -6.5904239221064405
  ],
  "sd_pred_link": 0.091529170292033765,
  "PI_link": [
    -7.0739415556596672,
    -6.3549373720037661
  ],
  "Pred_orig": 0.0012230262925882441,
  "CI_orig": [
    0.0010589499012295491,
    0.001384506691314603
  ],
  "PI_orig": [
    0.00085370144962540917,
    0.001752126944400148
  ],
  "z": 0.70379306160840649,
  "p_two_sided": 0.48156165526736805,
  "is_outlier_95": false,
  "is_outlier_99": false
}