{
  "Pred_link": -6.2568465127027544,
  "CI_link": [
    -6.36310678253728,
    -6.159560781615717
  ],
  "sd_pred_link": 0.06109135329741501,
  "PI_link": [
    -6.5692493589047833,
    -5.9444436665007254
  ],
  "Pred_orig": 0.0019247524505830156,
  "CI_orig": [
    0.0017307192828526607,
    0.0021214145218144478
  ],
  "PI_orig": [
    0.0014083157912815156,
    0.00263056909463055
  ],
  "z": 0.40116442293805243,
  "p_two_sided": 0.68829907227671239,
  "is_outlier_95": false,
  "is_outlier_99": false
}