{
  "Pred_link": -6.0688683088329078,
  "CI_link": [
    -6.17158834806485,
    -5.9778991478059691
  ],
  "sd_pred_link": 0.057638233872417163,
  "PI_link": [
    -6.3851987468176929,
    -5.7525378708481227
  ],
  "Pred_orig": 0.0023228000116549035,
  "CI_orig": [
    0.0020960472733872479,
    0.0025440124022399336
  ],
  "PI_orig": [
    0.0016928998085118849,
    0.0031870757306581262
  ],
  "z": 0.37749044568783136,
  "p_two_sided": 0.70580916335517019,
  "is_outlier_95": false,
  "is_outlier_99": false
}