{
  "Pred_link": -6.1797354090481642,
  "CI_link": [
    -6.3017028119782674,
    -6.06764076115338
  ],
  "sd_pred_link": 0.075756245244579273,
  "PI_link": [
    -6.52249488371022,
    -5.8369759343861087
  ],
  "Pred_orig": 0.00207818046253835,
  "CI_orig": [
    0.0018395580090935389,
    0.0023246915908432825
  ],
  "PI_orig": [
    0.0014751110256470672,
    0.0029278026940254376
  ],
  "z": 0.57199877079474148,
  "p_two_sided": 0.56732280740861141,
  "is_outlier_95": false,
  "is_outlier_99": false
}