{
  "Pred_link": -6.2520737066464429,
  "CI_link": [
    -6.3641105717382942,
    -6.1465564192880944
  ],
  "sd_pred_link": 0.067009984571409012,
  "PI_link": [
    -6.5829005755200916,
    -5.9212468377727943
  ],
  "Pred_orig": 0.0019359244091916837,
  "CI_orig": [
    0.0017307382959902632,
    0.0021513643679384443
  ],
  "PI_orig": [
    0.0013906316583381644,
    0.0026950366731783438
  ],
  "z": 0.717912520607532,
  "p_two_sided": 0.47281122730054737,
  "is_outlier_95": false,
  "is_outlier_99": false
}