{
  "Pred_link": -6.2212620650011718,
  "CI_link": [
    -6.3417469610693376,
    -6.09722229202928
  ],
  "sd_pred_link": 0.074448203075262329,
  "PI_link": [
    -6.5911773815166006,
    -5.8513467484857431
  ],
  "Pred_orig": 0.001994943579304494,
  "CI_orig": [
    0.0017684984846790513,
    0.0022583976149192029
  ],
  "PI_orig": [
    0.0013780927146621043,
    0.0028879043059044369
  ],
  "z": 0.71637175747805726,
  "p_two_sided": 0.47376182912819687,
  "is_outlier_95": false,
  "is_outlier_99": false
}