{
  "Pred_link": -6.1687286607906557,
  "CI_link": [
    -6.2686224094255056,
    -6.0653461726741629
  ],
  "sd_pred_link": 0.060224896811788588,
  "PI_link": [
    -6.4766071237563914,
    -5.86085019782492
  ],
  "Pred_orig": 0.0020998384289975811,
  "CI_orig": [
    0.0019002142720216224,
    0.0023285433288355735
  ],
  "PI_orig": [
    0.0015433909945801664,
    0.0028569049860851718
  ],
  "z": 0.091112963308016534,
  "p_two_sided": 0.92740283225836473,
  "is_outlier_95": false,
  "is_outlier_99": false
}