{
  "Pred_link": -6.5735272040479167,
  "CI_link": [
    -6.6766837430108694,
    -6.491204555999591
  ],
  "sd_pred_link": 0.055532356721329876,
  "PI_link": [
    -6.8541180599174094,
    -6.292936348178424
  ],
  "Pred_orig": 0.0014004049052209692,
  "CI_orig": [
    0.00126314529186447,
    0.0015205681696997975
  ],
  "PI_orig": [
    0.001057778079756638,
    0.0018540126101101923
  ],
  "z": 0.44724723156829271,
  "p_two_sided": 0.6546965624464034,
  "is_outlier_95": false,
  "is_outlier_99": false
}