{
  "Pred_link": -6.233356554798525,
  "CI_link": [
    -6.333287598287745,
    -6.1439712521022543
  ],
  "sd_pred_link": 0.066716336775564739,
  "PI_link": [
    -6.4833706637039592,
    -5.9833424458930908
  ],
  "Pred_orig": 0.0019677683162262413,
  "CI_orig": [
    0.0017806331845651481,
    0.002151758401209904
  ],
  "PI_orig": [
    0.0015324778838420243,
    0.0025267001809097652
  ],
  "z": 0.51288844422609225,
  "p_two_sided": 0.60802935725292828,
  "is_outlier_95": false,
  "is_outlier_99": false
}