{
  "Pred_link": -6.2045051092445354,
  "CI_link": [
    -6.3286492903035656,
    -6.091093597072212
  ],
  "sd_pred_link": 0.073892185471111191,
  "PI_link": [
    -6.5545844622764111,
    -5.85442575621266
  ],
  "Pred_orig": 0.002030477213863392,
  "CI_orig": [
    0.0017934240416791702,
    0.0022743228467580808
  ],
  "PI_orig": [
    0.0014307395710272499,
    0.0028816129780057081
  ],
  "z": 0.6773023469931525,
  "p_two_sided": 0.49821414209692128,
  "is_outlier_95": false,
  "is_outlier_99": false
}