{
  "Pred_link": -6.2885483042091073,
  "CI_link": [
    -6.3684764871777118,
    -6.209013095325667
  ],
  "sd_pred_link": 0.053545427861367394,
  "PI_link": [
    -6.5192736601482508,
    -6.0578229482699637
  ],
  "Pred_orig": 0.0018612495829401078,
  "CI_orig": [
    0.0017182733115746343,
    0.0020153306773981823
  ],
  "PI_orig": [
    0.0014777530504920481,
    0.0023442685561306967
  ],
  "z": 0.46580085882553224,
  "p_two_sided": 0.64135805030006576,
  "is_outlier_95": false,
  "is_outlier_99": false
}