{
  "Pred_link": -6.1759197303137707,
  "CI_link": [
    -6.2856672236943725,
    -6.06416684272254
  ],
  "sd_pred_link": 0.0663007612859371,
  "PI_link": [
    -6.53955121603977,
    -5.812288244587771
  ],
  "Pred_orig": 0.002086498784166052,
  "CI_orig": [
    0.0018696288681773145,
    0.0023331990901189468
  ],
  "PI_orig": [
    0.0014504240364458575,
    0.0030015202912620259
  ],
  "z": 0.23038145528219836,
  "p_two_sided": 0.81779537016332426,
  "is_outlier_95": false,
  "is_outlier_99": false
}