{
  "Pred_link": -6.1580266587343511,
  "CI_link": [
    -6.3332328577281292,
    -6.0062790570077578
  ],
  "sd_pred_link": 0.094743291060950363,
  "PI_link": [
    -6.71642805078624,
    -5.5996252666824624
  ],
  "Pred_orig": 0.0021292337267487973,
  "CI_orig": [
    0.0017870316786507345,
    0.0024781436806232903
  ],
  "PI_orig": [
    0.0012181834457765414,
    0.0037216367361112574
  ],
  "z": 0.3524629349822081,
  "p_two_sided": 0.72449111081227913,
  "is_outlier_95": false,
  "is_outlier_99": false
}