{
  "Pred_link": -6.4557990380218069,
  "CI_link": [
    -6.5947681009116206,
    -6.3450879396428448
  ],
  "sd_pred_link": 0.076275959783610986,
  "PI_link": [
    -6.842995069362475,
    -6.0686030066811387
  ],
  "Pred_orig": 0.0015795024584770703,
  "CI_orig": [
    0.0013745698349461079,
    0.0017644181855524586
  ],
  "PI_orig": [
    0.001072415806251358,
    0.0023263625934942258
  ],
  "z": 0.88039051572134663,
  "p_two_sided": 0.37864779262651682,
  "is_outlier_95": false,
  "is_outlier_99": false
}