{
  "Pred_link": -6.7421968906790131,
  "CI_link": [
    -6.8787369816007944,
    -6.609933436700385
  ],
  "sd_pred_link": 0.0819896344404089,
  "PI_link": [
    -7.1070846209082417,
    -6.3773091604497845
  ],
  "Pred_orig": 0.0011851282430968052,
  "CI_orig": [
    0.0010338719198866896,
    0.0013527160290756064
  ],
  "PI_orig": [
    0.00082280442809791183,
    0.0017070021801323906
  ],
  "z": 0.768787568996534,
  "p_two_sided": 0.44201942967938468,
  "is_outlier_95": false,
  "is_outlier_99": false
}