{
  "Pred_link": -6.2366888350970955,
  "CI_link": [
    -6.3151925648201352,
    -6.1568320253465476
  ],
  "sd_pred_link": 0.046354323883729794,
  "PI_link": [
    -6.4976073754928318,
    -5.9757702947013591
  ],
  "Pred_orig": 0.001960972094876872,
  "CI_orig": [
    0.0018129159794948535,
    0.0021239915537955511
  ],
  "PI_orig": [
    0.001510622438275421,
    0.0025455808542575618
  ],
  "z": 0.1972849480146289,
  "p_two_sided": 0.84360455761641928,
  "is_outlier_95": false,
  "is_outlier_99": false
}