{
  "Pred_link": -6.5417715955305669,
  "CI_link": [
    -6.6295315886804467,
    -6.4689977076238119
  ],
  "sd_pred_link": 0.049333294806051649,
  "PI_link": [
    -6.7826854647855566,
    -6.3008577262755772
  ],
  "Pred_orig": 0.0014461913803940967,
  "CI_orig": [
    0.001324683381355173,
    0.0015553605045301225
  ],
  "PI_orig": [
    0.0011365752762972875,
    0.0018401504522777682
  ],
  "z": 0.388825457466295,
  "p_two_sided": 0.69740526746297915,
  "is_outlier_95": false,
  "is_outlier_99": false
}