{
  "Pred_link": -6.3759275613446746,
  "CI_link": [
    -6.4759703394061514,
    -6.2807761118953582
  ],
  "sd_pred_link": 0.0575266623650339,
  "PI_link": [
    -6.6815452548830638,
    -6.0703098678062855
  ],
  "Pred_orig": 0.0017096349056304723,
  "CI_orig": [
    0.001546875460045919,
    0.0018802999118323546
  ],
  "PI_orig": [
    0.0012594336662633846,
    0.0023207665388379891
  ],
  "z": 0.4128388882715317,
  "p_two_sided": 0.67972465750936051,
  "is_outlier_95": false,
  "is_outlier_99": false
}