{
  "Pred_link": -6.4477766471068394,
  "CI_link": [
    -6.6330991853160164,
    -6.3200926854792314
  ],
  "sd_pred_link": 0.098235102655094275,
  "PI_link": [
    -6.9829685617220036,
    -5.9125847324916752
  ],
  "Pred_orig": 0.0015984362919486004,
  "CI_orig": [
    0.0013280388373489102,
    0.0018161335086485247
  ],
  "PI_orig": [
    0.00093597540385011971,
    0.0027297710697401305
  ],
  "z": 0.22885961908558658,
  "p_two_sided": 0.818978026912766,
  "is_outlier_95": false,
  "is_outlier_99": false
}