{
  "Pred_link": -6.1175339155522366,
  "CI_link": [
    -6.227902299915236,
    -6.0043796974154642
  ],
  "sd_pred_link": 0.067479460912783257,
  "PI_link": [
    -6.4581312192312854,
    -5.7769366118731877
  ],
  "Pred_orig": 0.0022093829649102812,
  "CI_orig": [
    0.0019785116908748838,
    0.0024740772377887525
  ],
  "PI_orig": [
    0.0015716342027358703,
    0.003105921897817155
  ],
  "z": 0.65224245362836641,
  "p_two_sided": 0.51424477689593173,
  "is_outlier_95": false,
  "is_outlier_99": false
}