{
  "Pred_link": -6.217312635773796,
  "CI_link": [
    -6.3332785456135836,
    -6.0971463928084164
  ],
  "sd_pred_link": 0.0710822843128955,
  "PI_link": [
    -6.58588426534662,
    -5.8487410062009717
  ],
  "Pred_orig": 0.002002458880857148,
  "CI_orig": [
    0.0017832008076403476,
    0.00225814145251282
  ],
  "PI_orig": [
    0.0013851441813414996,
    0.0028948911048669074
  ],
  "z": 0.53834073378909586,
  "p_two_sided": 0.590341834420459,
  "is_outlier_95": false,
  "is_outlier_99": false
}