{
  "Pred_link": -6.2414651610170626,
  "CI_link": [
    -6.3501336843312233,
    -6.14770065800495
  ],
  "sd_pred_link": 0.0664471426162805,
  "PI_link": [
    -6.5098058188813877,
    -5.9731245031527376
  ],
  "Pred_orig": 0.0019543499350913552,
  "CI_orig": [
    0.0017531060507135414,
    0.0021464646226490823
  ],
  "PI_orig": [
    0.0014943883104988577,
    0.0025558843320425614
  ],
  "z": 0.89927425541309614,
  "p_two_sided": 0.36850659668024077,
  "is_outlier_95": false,
  "is_outlier_99": false
}