{
  "Pred_link": -6.5185897543166238,
  "CI_link": [
    -6.6209561672381732,
    -6.43530186559137
  ],
  "sd_pred_link": 0.0584942260119577,
  "PI_link": [
    -6.7810182128414276,
    -6.25616129579182
  ],
  "Pred_orig": 0.0014826605322793072,
  "CI_orig": [
    0.001338395780376812,
    0.0016114365038353133
  ],
  "PI_orig": [
    0.0011404348902607601,
    0.0019275824273283341
  ],
  "z": 0.84943574468021632,
  "p_two_sided": 0.39563887037246293,
  "is_outlier_95": false,
  "is_outlier_99": false
}