{
  "Pred_link": -6.0954118647236006,
  "CI_link": [
    -6.2206012208978567,
    -5.9810804929817394
  ],
  "sd_pred_link": 0.071791537832530269,
  "PI_link": [
    -6.450556863145481,
    -5.74026686630172
  ],
  "Pred_orig": 0.0022607457634615403,
  "CI_orig": [
    0.001994723384833785,
    0.0025345753657342084
  ],
  "PI_orig": [
    0.0015849450599908776,
    0.0032246994145265326
  ],
  "z": 0.656670114513626,
  "p_two_sided": 0.51139305469092577,
  "is_outlier_95": false,
  "is_outlier_99": false
}