{
  "Pred_link": -6.2059733090675548,
  "CI_link": [
    -6.3076081301816407,
    -6.1128326156929758
  ],
  "sd_pred_link": 0.063180762096249038,
  "PI_link": [
    -6.4741558138610005,
    -5.9377908042741092
  ],
  "Pred_orig": 0.0020226387826795442,
  "CI_orig": [
    0.0018271697150952812,
    0.0022200809969755114
  ],
  "PI_orig": [
    0.0015468498099641455,
    0.0026447736676479374
  ],
  "z": 0.86359025479709006,
  "p_two_sided": 0.387813019457135,
  "is_outlier_95": false,
  "is_outlier_99": false
}