{
  "Pred_link": -6.5083844701990712,
  "CI_link": [
    -6.637583154615732,
    -6.3910982093205648
  ],
  "sd_pred_link": 0.077947293676562251,
  "PI_link": [
    -6.8481472166199211,
    -6.1686217237782213
  ],
  "Pred_orig": 0.001497538676224548,
  "CI_orig": [
    0.0013160360069753149,
    0.0016838942867278706
  ],
  "PI_orig": [
    0.0010661565063687,
    0.0021034642413117013
  ],
  "z": 0.95963097291953958,
  "p_two_sided": 0.33724097498477157,
  "is_outlier_95": false,
  "is_outlier_99": false
}