{
  "Pred_link": -6.6868371348271793,
  "CI_link": [
    -6.8014367785258889,
    -6.5865862665477506
  ],
  "sd_pred_link": 0.074246545198749458,
  "PI_link": [
    -6.9653032443532155,
    -6.4083710253011432
  ],
  "Pred_orig": 0.0012511640819683565,
  "CI_orig": [
    0.0011156918880140302,
    0.0013830970888002987
  ],
  "PI_orig": [
    0.000947061045398217,
    0.0016529151606584148
  ],
  "z": 0.36683803984821767,
  "p_two_sided": 0.71373983104002359,
  "is_outlier_95": false,
  "is_outlier_99": false
}