{
  "Pred_link": -6.3951046640108631,
  "CI_link": [
    -6.4786476055757607,
    -6.3150987577860125
  ],
  "sd_pred_link": 0.047561912879432566,
  "PI_link": [
    -6.6753334372218358,
    -6.11487589079989
  ],
  "Pred_orig": 0.0016736021751792734,
  "CI_orig": [
    0.0015394656150989976,
    0.0018130023007720084
  ],
  "PI_orig": [
    0.0012645919758034428,
    0.002214899583705843
  ],
  "z": 0.37401616276083188,
  "p_two_sided": 0.70839229130536374,
  "is_outlier_95": false,
  "is_outlier_99": false
}