{
  "Pred_link": -6.1755360350752371,
  "CI_link": [
    -6.3022899248845814,
    -6.0471032529534607
  ],
  "sd_pred_link": 0.0759327622200174,
  "PI_link": [
    -6.5980492818991792,
    -5.753022788251295
  ],
  "Pred_orig": 0.0020898330432795962,
  "CI_orig": [
    0.0018410393741223902,
    0.0023762341896467272
  ],
  "PI_orig": [
    0.001369671503146907,
    0.0031886493504091127
  ],
  "z": 0.47911820737899075,
  "p_two_sided": 0.63185453758489363,
  "is_outlier_95": false,
  "is_outlier_99": false
}