{
  "Pred_link": -6.3368877932109893,
  "CI_link": [
    -6.4406671387546508,
    -6.2508132283753435
  ],
  "sd_pred_link": 0.053949383576149285,
  "PI_link": [
    -6.67230925215806,
    -6.0014663342639185
  ],
  "Pred_orig": 0.0017743345352543088,
  "CI_orig": [
    0.0015994280512524573,
    0.0019338251950325024
  ],
  "PI_orig": [
    0.0012687142473320689,
    0.0024814595166850906
  ],
  "z": 0.17372787362235831,
  "p_two_sided": 0.8620793306347716,
  "is_outlier_95": false,
  "is_outlier_99": false
}