{
  "Pred_link": -6.3038020018974139,
  "CI_link": [
    -6.4042881930373445,
    -6.2092124886483555
  ],
  "sd_pred_link": 0.058825170015174448,
  "PI_link": [
    -6.6050426556960193,
    -6.0025613480988085
  ],
  "Pred_orig": 0.0018365374398011036,
  "CI_orig": [
    0.0016609600547514004,
    0.0020187358240373533
  ],
  "PI_orig": [
    0.0013588534854092821,
    0.00248214381021019
  ],
  "z": 0.52947414961030959,
  "p_two_sided": 0.59647657229622641,
  "is_outlier_95": false,
  "is_outlier_99": false
}