{
  "Pred_link": -6.286059949609677,
  "CI_link": [
    -6.4414706617028381,
    -6.1617879328041409
  ],
  "sd_pred_link": 0.081213641132307154,
  "PI_link": [
    -6.7568411309036822,
    -5.8152787683156717
  ],
  "Pred_orig": 0.001874006968062813,
  "CI_orig": [
    0.0016042689821612651,
    0.0021219827666847757
  ],
  "PI_orig": [
    0.0011703439977873912,
    0.0030007434762663351
  ],
  "z": 0.67495729638541446,
  "p_two_sided": 0.49970289640862031,
  "is_outlier_95": false,
  "is_outlier_99": false
}