{
  "Pred_link": -6.1985734715205822,
  "CI_link": [
    -6.3003245855207268,
    -6.1056407232185634
  ],
  "sd_pred_link": 0.062351188453367616,
  "PI_link": [
    -6.4722248879795368,
    -5.9249220550616277
  ],
  "Pred_orig": 0.0020373506791096048,
  "CI_orig": [
    0.0018402458247791212,
    0.0022357640476606822
  ],
  "PI_orig": [
    0.0015496031418964146,
    0.0026786198849523468
  ],
  "z": 0.87350444962223128,
  "p_two_sided": 0.38238818198021907,
  "is_outlier_95": false,
  "is_outlier_99": false
}