{
  "Pred_link": -6.143865591369905,
  "CI_link": [
    -6.3096674245425213,
    -5.9891032275498439
  ],
  "sd_pred_link": 0.093584289054089359,
  "PI_link": [
    -6.6772399694900919,
    -5.610491213249718
  ],
  "Pred_orig": 0.0021605652709915059,
  "CI_orig": [
    0.0018304613772987233,
    0.0025222018015381184
  ],
  "PI_orig": [
    0.0012674354255473191,
    0.0036830612401407259
  ],
  "z": 0.27985983101891926,
  "p_two_sided": 0.77958504640461213,
  "is_outlier_95": false,
  "is_outlier_99": false
}