{
  "Pred_link": -6.1638861666427065,
  "CI_link": [
    -6.217585708523341,
    -6.1157820942748717
  ],
  "sd_pred_link": 0.029766449324577195,
  "PI_link": [
    -6.3229384282604189,
    -6.0048339050249941
  ],
  "Pred_orig": 0.0021068703355653076,
  "CI_orig": [
    0.0019967164396993246,
    0.0022106965911058655
  ],
  "PI_orig": [
    0.0017970588054028098,
    0.0024700931308088681
  ],
  "z": -0.64970842346715674,
  "p_two_sided": 0.5158805817796257,
  "is_outlier_95": false,
  "is_outlier_99": false
}