{
  "Pred_link": -6.0477886717597267,
  "CI_link": [
    -6.1835054329981611,
    -5.9221014072110618
  ],
  "sd_pred_link": 0.075061774946475771,
  "PI_link": [
    -6.4963293241603051,
    -5.5992480193591483
  ],
  "Pred_orig": 0.002373371813063253,
  "CI_orig": [
    0.0020721669360742687,
    0.0026912315511298081
  ],
  "PI_orig": [
    0.0015155387671031127,
    0.0037167599307341946
  ],
  "z": -0.11659519981473514,
  "p_two_sided": 0.907180841773086,
  "is_outlier_95": false,
  "is_outlier_99": false
}