{
  "Pred_link": -6.18743667549731,
  "CI_link": [
    -6.2377074434043287,
    -6.1420428314325193
  ],
  "sd_pred_link": 0.03120188456066111,
  "PI_link": [
    -6.3245906807207115,
    -6.0502826702739076
  ],
  "Pred_orig": 0.0020575709046304585,
  "CI_orig": [
    0.001956692106320566,
    0.002153124318247514
  ],
  "PI_orig": [
    0.0017938642812499056,
    0.0023600436620723458
  ],
  "z": -0.82174512252349785,
  "p_two_sided": 0.41122197241127534,
  "is_outlier_95": false,
  "is_outlier_99": false
}