{
  "Pred_link": -6.45695221746612,
  "CI_link": [
    -6.6008044327234732,
    -6.3263887287578786
  ],
  "sd_pred_link": 0.08997228866637734,
  "PI_link": [
    -6.8490927537133,
    -6.06481168121894
  ],
  "Pred_orig": 0.0015767075010620873,
  "CI_orig": [
    0.0013654534857244483,
    0.0017966113394371906
  ],
  "PI_orig": [
    0.0010652380299052029,
    0.0023337568450562036
  ],
  "z": 1.0793778959921441,
  "p_two_sided": 0.28041930051185693,
  "is_outlier_95": false,
  "is_outlier_99": false
}