{
  "Pred_link": -6.2896966958753531,
  "CI_link": [
    -6.4056999645252031,
    -6.186772923523387
  ],
  "sd_pred_link": 0.066599110000798031,
  "PI_link": [
    -6.638331989786697,
    -5.9410614019640091
  ],
  "Pred_orig": 0.0018629788070832869,
  "CI_orig": [
    0.0016589310467623698,
    0.00206493859153085
  ],
  "PI_orig": [
    0.001314611811869093,
    0.0026400873659478976
  ],
  "z": 0.55728732647860346,
  "p_two_sided": 0.57733113328541408,
  "is_outlier_95": false,
  "is_outlier_99": false
}