{
  "Pred_link": -6.2551306014012535,
  "CI_link": [
    -6.4370816897201868,
    -6.0819056521532664
  ],
  "sd_pred_link": 0.10081374918046608,
  "PI_link": [
    -6.9152394548584386,
    -5.5950217479440685
  ],
  "Pred_orig": 0.0019390433701777844,
  "CI_orig": [
    0.0016164682147486709,
    0.0023057815645868597
  ],
  "PI_orig": [
    0.0010020880668260683,
    0.0037520546505849395
  ],
  "z": -0.54739472761826824,
  "p_two_sided": 0.58410757671446878,
  "is_outlier_95": false,
  "is_outlier_99": false
}