{
  "Pred_link": -6.7352596139586618,
  "CI_link": [
    -6.8573559305580876,
    -6.6355756871729117
  ],
  "sd_pred_link": 0.070930164715500371,
  "PI_link": [
    -7.02808991075291,
    -6.4424293171644136
  ],
  "Pred_orig": 0.0011921693740866771,
  "CI_orig": [
    0.0010551451435651031,
    0.0013171345449125306
  ],
  "PI_orig": [
    0.00088953569278028106,
    0.0015977636738420098
  ],
  "z": 0.488333196898228,
  "p_two_sided": 0.62531385118944,
  "is_outlier_95": false,
  "is_outlier_99": false
}