{
  "Pred_link": -6.0160010688363368,
  "CI_link": [
    -6.1536052465533571,
    -5.8817579843332792
  ],
  "sd_pred_link": 0.078704533234286556,
  "PI_link": [
    -6.506513153143576,
    -5.5254889845290975
  ],
  "Pred_orig": 0.0024481456898871432,
  "CI_orig": [
    0.0021334207960487525,
    0.0027998727262155835
  ],
  "PI_orig": [
    0.0014990308396853743,
    0.0039981948071001194
  ],
  "z": -0.56246864203652536,
  "p_two_sided": 0.573796762833469,
  "is_outlier_95": false,
  "is_outlier_99": false
}