{
  "Pred_link": -6.1911391598782624,
  "CI_link": [
    -6.305667717033284,
    -6.0728686135604857
  ],
  "sd_pred_link": 0.067611829023428674,
  "PI_link": [
    -6.5869315873138152,
    -5.7953467324427095
  ],
  "Pred_orig": 0.0020546027456426951,
  "CI_orig": [
    0.0018322669321928664,
    0.0023125552094037096
  ],
  "PI_orig": [
    0.0013830484584309369,
    0.0030522375529716834
  ],
  "z": 0.43620129000000218,
  "p_two_sided": 0.66269069207416464,
  "is_outlier_95": false,
  "is_outlier_99": false
}