{
  "Pred_link": -6.5429338531036558,
  "CI_link": [
    -6.7165305106308555,
    -6.4112929481061158
  ],
  "sd_pred_link": 0.096989443668670586,
  "PI_link": [
    -7.0211034114446118,
    -6.0647642947627
  ],
  "Pred_orig": 0.0014522211195768971,
  "CI_orig": [
    0.0012207891983397592,
    0.0016565466365282716
  ],
  "PI_orig": [
    0.00090025667009436779,
    0.0023426054482041324
  ],
  "z": 0.33429970087850824,
  "p_two_sided": 0.73815341613289043,
  "is_outlier_95": false,
  "is_outlier_99": false
}