{
  "Pred_link": -6.7077738000680593,
  "CI_link": [
    -6.8580383839644,
    -6.5783684261411981
  ],
  "sd_pred_link": 0.0897894263277357,
  "PI_link": [
    -7.1146297771990694,
    -6.3009178229370493
  ],
  "Pred_orig": 0.001231239544717934,
  "CI_orig": [
    0.001059457344589709,
    0.0014013370208750004
  ],
  "PI_orig": [
    0.0008196854947668178,
    0.0018494298437091157
  ],
  "z": 0.54844389609946453,
  "p_two_sided": 0.58338714255045421,
  "is_outlier_95": false,
  "is_outlier_99": false
}