{
  "Pred_link": -6.5229012364022987,
  "CI_link": [
    -6.5747502468332062,
    -6.4705762953137125
  ],
  "sd_pred_link": 0.03046272179492758,
  "PI_link": [
    -6.6850931382790479,
    -6.3607093345255494
  ],
  "Pred_orig": 0.0014699536912526486,
  "CI_orig": [
    0.0013956801892703154,
    0.0015489167859264101
  ],
  "PI_orig": [
    0.0012498693125249773,
    0.0017287918286929753
  ],
  "z": 0.5934303815057409,
  "p_two_sided": 0.55289316145128309,
  "is_outlier_95": false,
  "is_outlier_99": false
}