{
  "Pred_link": -6.4470092295012575,
  "CI_link": [
    -6.5859555347262608,
    -6.316603888086628
  ],
  "sd_pred_link": 0.084639422045575521,
  "PI_link": [
    -6.8303177336727092,
    -6.0637007253298059
  ],
  "Pred_orig": 0.0015911964481341895,
  "CI_orig": [
    0.0013847781013019468,
    0.0018128343465133156
  ],
  "PI_orig": [
    0.0010845636196182013,
    0.0023344929617371514
  ],
  "z": 0.8757139279523295,
  "p_two_sided": 0.38118557170840806,
  "is_outlier_95": false,
  "is_outlier_99": false
}