{
  "Pred_link": -6.1849128848305464,
  "CI_link": [
    -6.3074414274488921,
    -6.0714328941128679
  ],
  "sd_pred_link": 0.075353646630280616,
  "PI_link": [
    -6.5157630377879521,
    -5.8540627318731406
  ],
  "Pred_orig": 0.002069740632041947,
  "CI_orig": [
    0.001831059494890765,
    0.0023184602769340196
  ],
  "PI_orig": [
    0.0014867211845878095,
    0.0028813918361653527
  ],
  "z": 0.74330461078949461,
  "p_two_sided": 0.45729728070383935,
  "is_outlier_95": false,
  "is_outlier_99": false
}