{
  "Pred_link": -6.2578648720929024,
  "CI_link": [
    -6.3677691827110454,
    -6.1639626202791931
  ],
  "sd_pred_link": 0.07168316043925857,
  "PI_link": [
    -6.5286145171471954,
    -5.9871152270386094
  ],
  "Pred_orig": 0.0019221554723586861,
  "CI_orig": [
    0.0017220972640247215,
    0.00211139623208822
  ],
  "PI_orig": [
    0.0014662345049897005,
    0.0025198436180196133
  ],
  "z": 0.80585348998221362,
  "p_two_sided": 0.4203273315226137,
  "is_outlier_95": false,
  "is_outlier_99": false
}