{
  "Pred_link": -6.1859335738122381,
  "CI_link": [
    -6.2857795031476584,
    -6.0806277650439835
  ],
  "sd_pred_link": 0.065708182810450613,
  "PI_link": [
    -6.4621049934349637,
    -5.9097621541895125
  ],
  "Pred_orig": 0.0020633962232663359,
  "CI_orig": [
    0.0018673257890088242,
    0.0022925370492940683
  ],
  "PI_orig": [
    0.0015654633613579705,
    0.0027197084769179738
  ],
  "z": 0.51913057008767827,
  "p_two_sided": 0.60366969165060613,
  "is_outlier_95": false,
  "is_outlier_99": false
}