{
  "Pred_link": -6.0812031748978184,
  "CI_link": [
    -6.2454360073533755,
    -5.9369649742582462
  ],
  "sd_pred_link": 0.0953868736108993,
  "PI_link": [
    -6.5322991349030728,
    -5.6301072148925639
  ],
  "Pred_orig": 0.0023042173809498345,
  "CI_orig": [
    0.0019552308245632372,
    0.0026617379880300778
  ],
  "PI_orig": [
    0.0014676245300373702,
    0.0036176948735901276
  ],
  "z": -0.39562054377359229,
  "p_two_sided": 0.69238497933812981,
  "is_outlier_95": false,
  "is_outlier_99": false
}