{
  "Pred_link": -6.4856239004751579,
  "CI_link": [
    -6.6449026567803875,
    -6.3408202150078425
  ],
  "sd_pred_link": 0.097177301506305241,
  "PI_link": [
    -6.9079887944887828,
    -6.063259006461533
  ],
  "Pred_orig": 0.0015352052554830715,
  "CI_orig": [
    0.001309159505861628,
    0.0017744096472265965
  ],
  "PI_orig": [
    0.0010063190766664281,
    0.0023420555478986379
  ],
  "z": -0.0090188192855153431,
  "p_two_sided": 0.99280412088660519,
  "is_outlier_95": false,
  "is_outlier_99": false
}