{
  "Pred_link": -6.1695310329724791,
  "CI_link": [
    -6.2947256227013622,
    -6.0526131491190664
  ],
  "sd_pred_link": 0.078922725437558031,
  "PI_link": [
    -6.4915496985294423,
    -5.8475123674155158
  ],
  "Pred_orig": 0.0020995596982650955,
  "CI_orig": [
    0.0018524944190488582,
    0.0023599620516683169
  ],
  "PI_orig": [
    0.0015215187135630404,
    0.0028972045412811007
  ],
  "z": 0.44629965230905033,
  "p_two_sided": 0.6553808073827343,
  "is_outlier_95": false,
  "is_outlier_99": false
}