{
  "Pred_link": -6.0292421991571077,
  "CI_link": [
    -6.1619345708126954,
    -5.9061338448396175
  ],
  "sd_pred_link": 0.075248083248340467,
  "PI_link": [
    -6.46182514864849,
    -5.5966592496657253
  ],
  "Pred_orig": 0.0024184222635932856,
  "CI_orig": [
    0.0021178956942972094,
    0.0027352524215232552
  ],
  "PI_orig": [
    0.0015691474099507607,
    0.0037273529612028
  ],
  "z": -0.47920624740960088,
  "p_two_sided": 0.63179191023816772,
  "is_outlier_95": false,
  "is_outlier_99": false
}