{
  "Pred_link": -6.3419095450360379,
  "CI_link": [
    -6.4321808623875949,
    -6.2545415409486687
  ],
  "sd_pred_link": 0.053962066162024751,
  "PI_link": [
    -6.6054594060274985,
    -6.0783596840445773
  ],
  "Pred_orig": 0.0017667855186087101,
  "CI_orig": [
    0.001614282340911157,
    0.0019280898704360054
  ],
  "PI_orig": [
    0.0013574554346769856,
    0.002299545892280608
  ],
  "z": 0.35805874488039985,
  "p_two_sided": 0.7202993517895635,
  "is_outlier_95": false,
  "is_outlier_99": false
}