{
  "Pred_link": -6.2512896699724889,
  "CI_link": [
    -6.3283757308076254,
    -6.1849261460021712
  ],
  "sd_pred_link": 0.041654661779303215,
  "PI_link": [
    -6.4930984430872085,
    -6.0094808968577693
  ],
  "Pred_orig": 0.0019311877491978522,
  "CI_orig": [
    0.0017879132664613429,
    0.002063696416329714
  ],
  "PI_orig": [
    0.0015163808175773026,
    0.0024594653792906758
  ],
  "z": 0.039919429962965741,
  "p_two_sided": 0.96815736057848412,
  "is_outlier_95": false,
  "is_outlier_99": false
}