{
  "Pred_link": -6.2713758472610763,
  "CI_link": [
    -6.3497507015325025,
    -6.2083701573965309
  ],
  "sd_pred_link": 0.041550731000445922,
  "PI_link": [
    -6.5042212642406225,
    -6.03853043028153
  ],
  "Pred_orig": 0.0018927548645589075,
  "CI_orig": [
    0.0017500747719087816,
    0.0020158462007000464
  ],
  "PI_orig": [
    0.0014995843221237638,
    0.002389009357098184
  ],
  "z": 0.031699931604729836,
  "p_two_sided": 0.97471134943206339,
  "is_outlier_95": false,
  "is_outlier_99": false
}