{
  "Pred_link": -6.47205860637127,
  "CI_link": [
    -6.6130789509515431,
    -6.3407011409436294
  ],
  "sd_pred_link": 0.082988644596376879,
  "PI_link": [
    -6.8607237757286921,
    -6.0833934370138483
  ],
  "Pred_orig": 0.001551433793668321,
  "CI_orig": [
    0.0013473762555242708,
    0.0017692168604589806
  ],
  "PI_orig": [
    0.0010518119695508816,
    0.002288381275185367
  ],
  "z": 1.2331668237670348,
  "p_two_sided": 0.21751353030928078,
  "is_outlier_95": false,
  "is_outlier_99": false
}