{
  "Pred_link": -6.1678780804210618,
  "CI_link": [
    -6.2953808900804162,
    -6.0482790314243076
  ],
  "sd_pred_link": 0.077947551063400886,
  "PI_link": [
    -6.5275855723617724,
    -5.8081705884803512
  ],
  "Pred_orig": 0.0021066297636692,
  "CI_orig": [
    0.0018544471001864361,
    0.0023742662706661729
  ],
  "PI_orig": [
    0.001470175689257598,
    0.0030186113085695042
  ],
  "z": 0.52004762493819912,
  "p_two_sided": 0.60303038163619815,
  "is_outlier_95": false,
  "is_outlier_99": false
}