{
  "Pred_link": -6.1730205072620059,
  "CI_link": [
    -6.2910411659940388,
    -6.0615805526797528
  ],
  "sd_pred_link": 0.074693402983494889,
  "PI_link": [
    -6.4722479795312857,
    -5.8737930349927261
  ],
  "Pred_orig": 0.0020930695787043738,
  "CI_orig": [
    0.0018600642454765812,
    0.002339814472621046
  ],
  "PI_orig": [
    0.0015517824130729971,
    0.0028231665885567825
  ],
  "z": 0.66262395076041991,
  "p_two_sided": 0.5075714268494167,
  "is_outlier_95": false,
  "is_outlier_99": false
}