{
  "Pred_link": -6.5232899987983437,
  "CI_link": [
    -6.6560625036485082,
    -6.4122720810572158
  ],
  "sd_pred_link": 0.079140601528888452,
  "PI_link": [
    -6.9085849851266552,
    -6.1379950124700322
  ],
  "Pred_orig": 0.0014715218572471348,
  "CI_orig": [
    0.0012885591259048086,
    0.001644300490499541
  ],
  "PI_orig": [
    0.0010010026582975941,
    0.0021632076182881614
  ],
  "z": -0.34299387721727304,
  "p_two_sided": 0.73160306634908778,
  "is_outlier_95": false,
  "is_outlier_99": false
}