{
  "Pred_link": -6.5016773047154333,
  "CI_link": [
    -6.5985089392030849,
    -6.4218539509947457
  ],
  "sd_pred_link": 0.051761705857752111,
  "PI_link": [
    -6.7911853079078925,
    -6.212169301522974
  ],
  "Pred_orig": 0.0015073050944846345,
  "CI_orig": [
    0.0013681941288893385,
    0.0016325557055320748
  ],
  "PI_orig": [
    0.0011284165282075315,
    0.0020134131245563313
  ],
  "z": 0.77497196072086461,
  "p_two_sided": 0.43835622825349385,
  "is_outlier_95": false,
  "is_outlier_99": false
}