{
  "Pred_link": -6.1083413905907129,
  "CI_link": [
    -6.2310490748023106,
    -5.9775631947733832
  ],
  "sd_pred_link": 0.076493939916288778,
  "PI_link": [
    -6.5204787206801864,
    -5.6962040605012394
  ],
  "Pred_orig": 0.0022365938028439188,
  "CI_orig": [
    0.0019783168364954796,
    0.0025490794159394267
  ],
  "PI_orig": [
    0.0014811469512803941,
    0.0033773501235616638
  ],
  "z": -0.17004891671604058,
  "p_two_sided": 0.86497166684413229,
  "is_outlier_95": false,
  "is_outlier_99": false
}