{
  "Pred_link": -6.2558378855011858,
  "CI_link": [
    -6.354586621220661,
    -6.1703373254434846
  ],
  "sd_pred_link": 0.06577275227379778,
  "PI_link": [
    -6.4976168429804435,
    -6.0140589280219281
  ],
  "Pred_orig": 0.0019235849954395117,
  "CI_orig": [
    0.0017427109088782105,
    0.0020952883689925187
  ],
  "PI_orig": [
    0.00151045612184687,
    0.0024497098466890461
  ],
  "z": 0.85076447333605709,
  "p_two_sided": 0.39490020028112527,
  "is_outlier_95": false,
  "is_outlier_99": false
}