{
  "Pred_link": -6.4417477437645889,
  "CI_link": [
    -6.5736338417918327,
    -6.3139499148999034
  ],
  "sd_pred_link": 0.079304635430623077,
  "PI_link": [
    -6.8175146534366755,
    -6.0659808340925023
  ],
  "Pred_orig": 0.001601046980967752,
  "CI_orig": [
    0.0014032229252273838,
    0.0018193069051525375
  ],
  "PI_orig": [
    0.0010995388544476703,
    0.0023312968203871229
  ],
  "z": 0.88861114894496163,
  "p_two_sided": 0.37421209717234438,
  "is_outlier_95": false,
  "is_outlier_99": false
}