{
  "Pred_link": -6.1604881318745406,
  "CI_link": [
    -6.2548872923593715,
    -6.0677065380466564
  ],
  "sd_pred_link": 0.05724819638591578,
  "PI_link": [
    -6.45888540791641,
    -5.8620908558326708
  ],
  "Pred_orig": 0.0021160693289902213,
  "CI_orig": [
    0.0019254527158358845,
    0.0023217979673543264
  ],
  "PI_orig": [
    0.0015701371960957422,
    0.002851820475451042
  ],
  "z": 0.45882835394029547,
  "p_two_sided": 0.64635743176703642,
  "is_outlier_95": false,
  "is_outlier_99": false
}