{
  "Pred_link": -6.121029092692325,
  "CI_link": [
    -6.2213285432372327,
    -6.0307093724989116
  ],
  "sd_pred_link": 0.057475527946630342,
  "PI_link": [
    -6.4212542708064886,
    -5.8208039145781614
  ],
  "Pred_orig": 0.0022031059365436026,
  "CI_orig": [
    0.0019928558361565112,
    0.0024113526949620036
  ],
  "PI_orig": [
    0.0016317335478286646,
    0.002974551680997437
  ],
  "z": 0.51640381381875666,
  "p_two_sided": 0.60557240264991985,
  "is_outlier_95": false,
  "is_outlier_99": false
}