{
  "Pred_link": -6.1915732338354168,
  "CI_link": [
    -6.3212530929255175,
    -6.0642607962407462
  ],
  "sd_pred_link": 0.075833327334992359,
  "PI_link": [
    -6.5963937135701549,
    -5.7867527541006787
  ],
  "Pred_orig": 0.0020538568626229854,
  "CI_orig": [
    0.00180405978773668,
    0.002332712747224585
  ],
  "PI_orig": [
    0.0013701208425726888,
    0.003078799972287655
  ],
  "z": 0.557388066106908,
  "p_two_sided": 0.577262317356444,
  "is_outlier_95": false,
  "is_outlier_99": false
}