{
  "Pred_link": -6.3094692680972377,
  "CI_link": [
    -6.4103764527833418,
    -6.2124130410326979
  ],
  "sd_pred_link": 0.061124286026847226,
  "PI_link": [
    -6.61226513084764,
    -6.0066734053468354
  ],
  "Pred_orig": 0.0018257581149369755,
  "CI_orig": [
    0.0016505162562262534,
    0.0020118436355478432
  ],
  "PI_orig": [
    0.0013487786017363503,
    0.002471415760872077
  ],
  "z": 0.6639465281915955,
  "p_two_sided": 0.50672453528511952,
  "is_outlier_95": false,
  "is_outlier_99": false
}