{
  "Pred_link": -6.20330934194775,
  "CI_link": [
    -6.3244527015943683,
    -6.0764460470109389
  ],
  "sd_pred_link": 0.072276310797240714,
  "PI_link": [
    -6.6126981744015954,
    -5.7939205094939048
  ],
  "Pred_orig": 0.0020290674124729575,
  "CI_orig": [
    0.0017975649170103595,
    0.0023035227455997349
  ],
  "PI_orig": [
    0.0013474143401513256,
    0.003055566830242668
  ],
  "z": 0.48690260840962718,
  "p_two_sided": 0.626327350354376,
  "is_outlier_95": false,
  "is_outlier_99": false
}