{
  "Pred_link": -6.0615639509367121,
  "CI_link": [
    -6.1903513761668778,
    -5.9372436995356823
  ],
  "sd_pred_link": 0.073635589366910378,
  "PI_link": [
    -6.5014296436218313,
    -5.6216982582515929
  ],
  "Pred_orig": 0.0023414273831379516,
  "CI_orig": [
    0.002058491248790911,
    0.0026513819313327774
  ],
  "PI_orig": [
    0.0015081670563280661,
    0.003635062951087095
  ],
  "z": -0.10404982024569995,
  "p_two_sided": 0.91712981226098345,
  "is_outlier_95": false,
  "is_outlier_99": false
}