{
  "Pred_link": -6.4957254141727594,
  "CI_link": [
    -6.6268872872651574,
    -6.3794292000416988
  ],
  "sd_pred_link": 0.074545393548819575,
  "PI_link": [
    -6.87651069324399,
    -6.1149401351015289
  ],
  "Pred_orig": 0.0015168158322008325,
  "CI_orig": [
    0.0013303624411713341,
    0.0017038825576948166
  ],
  "PI_orig": [
    0.0010364775687194917,
    0.0022197588623722206
  ],
  "z": 0.72629892881688629,
  "p_two_sided": 0.46765553589820241,
  "is_outlier_95": false,
  "is_outlier_99": false
}