{
  "Pred_link": -6.1894620052469813,
  "CI_link": [
    -6.3132047475132174,
    -6.0790784897063181
  ],
  "sd_pred_link": 0.075847898176463785,
  "PI_link": [
    -6.5100515759794551,
    -5.8688724345145076
  ],
  "Pred_orig": 0.0020595482631132391,
  "CI_orig": [
    0.0018198315224781597,
    0.0022999104434435714
  ],
  "PI_orig": [
    0.0014946575219186875,
    0.0028379337646845353
  ],
  "z": 0.54155544380415077,
  "p_two_sided": 0.58812479318722222,
  "is_outlier_95": false,
  "is_outlier_99": false
}