{
  "Pred_link": -6.1890318390122658,
  "CI_link": [
    -6.3744181574510437,
    -6.03957985712688
  ],
  "sd_pred_link": 0.095857686197586889,
  "PI_link": [
    -6.7833983608685182,
    -5.5946653171560135
  ],
  "Pred_orig": 0.0020686964117391923,
  "CI_orig": [
    0.001718638379827269,
    0.0024021655379589091
  ],
  "PI_orig": [
    0.0011417385382319204,
    0.003748235432754848
  ],
  "z": -0.010694935361342889,
  "p_two_sided": 0.9914668388695409,
  "is_outlier_95": false,
  "is_outlier_99": false
}