{
  "Pred_link": -6.5070875620134885,
  "CI_link": [
    -6.5539622342275221,
    -6.4627750257272156
  ],
  "sd_pred_link": 0.029864414515287083,
  "PI_link": [
    -6.6282872657924967,
    -6.38588785823448
  ],
  "Pred_orig": 0.0014929343582493863,
  "CI_orig": [
    0.0014245683834494445,
    0.0015605777223332482
  ],
  "PI_orig": [
    0.0013225264009578534,
    0.0016852994363116211
  ],
  "z": 0.77692356133979323,
  "p_two_sided": 0.43720386943705059,
  "is_outlier_95": false,
  "is_outlier_99": false
}