{
  "Pred_link": -6.0442112092216869,
  "CI_link": [
    -6.23119762919139,
    -5.8876921754713933
  ],
  "sd_pred_link": 0.0998613009477132,
  "PI_link": [
    -6.6316229901152095,
    -5.4567994283281642
  ],
  "Pred_orig": 0.0023981040534733046,
  "CI_orig": [
    0.0019891193984721616,
    0.0028044220674539591
  ],
  "PI_orig": [
    0.0013327795738151994,
    0.0043149693799872891
  ],
  "z": -0.10398628428614021,
  "p_two_sided": 0.91718023311236907,
  "is_outlier_95": false,
  "is_outlier_99": false
}