{
  "Pred_link": -6.2429328419653078,
  "CI_link": [
    -6.3685327054670022,
    -6.1275660517651946
  ],
  "sd_pred_link": 0.070044857515561679,
  "PI_link": [
    -6.6689425526995931,
    -5.8169231312310226
  ],
  "Pred_orig": 0.0019541842262526272,
  "CI_orig": [
    0.0017235273354491139,
    0.0021931516545793056
  ],
  "PI_orig": [
    0.0012762972598363025,
    0.0029921211228051848
  ],
  "z": 0.36931838345637313,
  "p_two_sided": 0.71189042460244734,
  "is_outlier_95": false,
  "is_outlier_99": false
}