{
  "Pred_link": -6.406021331993486,
  "CI_link": [
    -6.4996336237341517,
    -6.3275140392868181
  ],
  "sd_pred_link": 0.051831756447539262,
  "PI_link": [
    -6.6554546697880177,
    -6.1565879941989543
  ],
  "Pred_orig": 0.0016545920016189659,
  "CI_orig": [
    0.0015067306362979728,
    0.0017897245877846811
  ],
  "PI_orig": [
    0.00128932795297953,
    0.0021233346298704819
  ],
  "z": 0.5623176996453304,
  "p_two_sided": 0.57389958118522921,
  "is_outlier_95": false,
  "is_outlier_99": false
}