{
  "Pred_link": -6.3451728102135005,
  "CI_link": [
    -6.4385080942643462,
    -6.2713664073046349
  ],
  "sd_pred_link": 0.048831114826565915,
  "PI_link": [
    -6.6049935297474418,
    -6.0853520906795593
  ],
  "Pred_orig": 0.0017606078333738564,
  "CI_orig": [
    0.0016037166235834709,
    0.0018954675042685614
  ],
  "PI_orig": [
    0.0013577628604405562,
    0.0022829759402401132
  ],
  "z": 0.42663464978278748,
  "p_two_sided": 0.66964545599308023,
  "is_outlier_95": false,
  "is_outlier_99": false
}