{
  "Pred_link": -6.1921619706613811,
  "CI_link": [
    -6.306073757951749,
    -6.0804437887969716
  ],
  "sd_pred_link": 0.068524367947868869,
  "PI_link": [
    -6.532369570511646,
    -5.8519543708111161
  ],
  "Pred_orig": 0.0020535829175120468,
  "CI_orig": [
    0.0018324873377582372,
    0.0022963116701677946
  ],
  "PI_orig": [
    0.0014613759630930632,
    0.0028857753963404489
  ],
  "z": 0.68231587283383011,
  "p_two_sided": 0.49503923840295183,
  "is_outlier_95": false,
  "is_outlier_99": false
}