{
  "Pred_link": -6.5483987307143536,
  "CI_link": [
    -6.64777725616259,
    -6.4606859745506666
  ],
  "sd_pred_link": 0.05113824565177879,
  "PI_link": [
    -6.9647750094049368,
    -6.1320224520237705
  ],
  "Pred_orig": 0.0014340801507966286,
  "CI_orig": [
    0.0012984160627519581,
    0.0015655487318905097
  ],
  "PI_orig": [
    0.00094567847615944123,
    0.0021747199822724317
  ],
  "z": 0.25369804880224428,
  "p_two_sided": 0.79972884158444923,
  "is_outlier_95": false,
  "is_outlier_99": false
}