{
  "Pred_link": -6.5484963913563341,
  "CI_link": [
    -6.68412565636084,
    -6.43014347433624
  ],
  "sd_pred_link": 0.084102468915083481,
  "PI_link": [
    -6.9209098846836321,
    -6.1760828980290361
  ],
  "Pred_orig": 0.0014356900003246059,
  "CI_orig": [
    0.0012535961051281853,
    0.0016160719572842789
  ],
  "PI_orig": [
    0.00098928984333995469,
    0.0020835206091606106
  ],
  "z": -0.086393131501928649,
  "p_two_sided": 0.93115390678515153,
  "is_outlier_95": false,
  "is_outlier_99": false
}