{
  "Pred_link": -6.4783321282623643,
  "CI_link": [
    -6.5694701635387043,
    -6.4078610490662511
  ],
  "sd_pred_link": 0.049979775714197233,
  "PI_link": [
    -6.7145807029139926,
    -6.242083553610736
  ],
  "Pred_orig": 0.001541330634831918,
  "CI_orig": [
    0.0014070679295370991,
    0.0016538686355014559
  ],
  "PI_orig": [
    0.0012170105919446397,
    0.0019520784302092843
  ],
  "z": 0.49824654118693051,
  "p_two_sided": 0.61831028231022156,
  "is_outlier_95": false,
  "is_outlier_99": false
}