{
  "Pred_link": -6.3892669664493456,
  "CI_link": [
    -6.4876841277222814,
    -6.2864639964723414
  ],
  "sd_pred_link": 0.057059278632090073,
  "PI_link": [
    -6.7115227010261824,
    -6.0670112318725087
  ],
  "Pred_orig": 0.0016860508511666577,
  "CI_orig": [
    0.0015280185927283203,
    0.0018686046762884157
  ],
  "PI_orig": [
    0.001221565564143339,
    0.0023271509578885272
  ],
  "z": 0.47489748476040544,
  "p_two_sided": 0.6348600443108956,
  "is_outlier_95": false,
  "is_outlier_99": false
}