{
  "Pred_link": -6.743697224810588,
  "CI_link": [
    -6.8766227109881779,
    -6.6134010877104341
  ],
  "sd_pred_link": 0.083436295272696942,
  "PI_link": [
    -7.09686432808847,
    -6.3905301215327057
  ],
  "Pred_orig": 0.0011829961691727669,
  "CI_orig": [
    0.0010357490249527383,
    0.001347628638569569
  ],
  "PI_orig": [
    0.00083100725267460122,
    0.0016840766813685543
  ],
  "z": 0.78888732813433227,
  "p_two_sided": 0.430177862651564,
  "is_outlier_95": false,
  "is_outlier_99": false
}