{
  "Pred_link": -6.1550290359216593,
  "CI_link": [
    -6.2706573218303658,
    -6.0446670688715765
  ],
  "sd_pred_link": 0.073366104224185227,
  "PI_link": [
    -6.4496000936531495,
    -5.8604579781901691
  ],
  "Pred_orig": 0.0021297914597273484,
  "CI_orig": [
    0.001897231622350933,
    0.0023783002116722352
  ],
  "PI_orig": [
    0.0015863773348557806,
    0.0028593522879220437
  ],
  "z": 0.39019689941789365,
  "p_two_sided": 0.69639095418757568,
  "is_outlier_95": false,
  "is_outlier_99": false
}