{
  "Pred_link": -5.1128591734339208,
  "CI_link": [
    -5.16797393925875,
    -5.0604158634010732
  ],
  "sd_pred_link": 0.046659098331387483,
  "PI_link": [
    -5.3547895766142837,
    -4.870928770253558
  ],
  "Pred_orig": 0.0060425771956948314,
  "CI_orig": [
    0.0057185532389467438,
    0.0063679265803187959
  ],
  "PI_orig": [
    0.0047440927180900242,
    0.0076964640734574988
  ],
  "z": -0.76635994826894416,
  "p_two_sided": 0.44346215724139482,
  "is_outlier_95": false,
  "is_outlier_99": false
}